{
	"info": {
		"_postman_id": "cecda180-8183-4d6b-9446-185c9aceb0c7",
		"name": "APIs_Rick_Morty",
		"schema": "https://schema.getpostman.com/json/collection/v2.1.0/collection.json",
		"_exporter_id": "35376945"
	},
	"item": [
		{
			"name": "API Character",
			"event": [
				{
					"listen": "prerequest",
					"script": {
						"exec": [
							""
						],
						"type": "text/javascript",
						"packages": {}
					}
				},
				{
					"listen": "test",
					"script": {
						"exec": [
							"//Validación de un arreglo - Response body: JSON value check\r",
							"pm.test(\"Validación de la respuesta JSON de un array o vector\", function () {\r",
							"    var jsonData = pm.response.json();//la variable jsonData contiene toda la respuesta-JSON\r",
							"    pm.expect(jsonData.results[0].name).to.eql(\"Rick Sanchez\");//Consultamos padre y luego hijo\r",
							"            //variable //products=padre\r",
							"                       //[2]=posición-indice\r",
							"                       //id=hijo\r",
							"    console.log(jsonData.results[0].name)//Muestra por consola de la posición 2\r",
							"    console.log(jsonData.results[0])//Muestra por consola el objeto completo de la posición 2          \r",
							"});"
						],
						"type": "text/javascript",
						"packages": {}
					}
				}
			],
			"request": {
				"method": "GET",
				"header": [],
				"url": {
					"raw": "{{URL_Rick}}/api/character",
					"host": [
						"{{URL_Rick}}"
					],
					"path": [
						"api",
						"character"
					]
				}
			},
			"response": []
		},
		{
			"name": "API Caracter Rick",
			"event": [
				{
					"listen": "test",
					"script": {
						"exec": [
							"//Automatización de pruebas se valida el status 200 - Status code: code is 200\r",
							"pm.test(\"El estado es 200 OK\", function () {\r",
							"    pm.response.to.have.status(200);\r",
							"});\r",
							"//Automatización de pruebas se valida que contenga el campo id - Response body: cotains string\r",
							"pm.test(\"Respuesta de la API contiene el campo ID\", function () {\r",
							"    pm.expect(pm.response.text()).to.include(\"id\");//En amarillo es el campo que valida\r",
							"});\r",
							"//Automatización de pruebas se valida que contenga el campo price - Response body: cotains string\r",
							"pm.test(\"Respuesta de la API contiene el campo episode\", function () {\r",
							"    pm.expect(pm.response.text()).to.include(\"episode\");//En amarillo es el campo que valida\r",
							"});\r",
							"//Automatización de pruebas se valida que contenga el campo seccion - Response body: cotains string\r",
							"pm.test(\"Respuesta de la API contiene el campo info\", function () {//Falla la prueba ya que no el json no contiene el campos consultado\r",
							"    pm.expect(pm.response.text()).to.include(\"name\");//En amarillo es el campo que valida\r",
							"});\r",
							"//Automatización de pruebas se valida que contenga un header date(fecha) - Response headers: content-type header\r",
							"pm.test(\"El en cabezado de la respuesta debe contener el campo date - fecha\", function () {\r",
							"    pm.response.to.have.header(\"date\");\r",
							"});\r",
							"//Automatización de pruebas valida que un objeto contenga un estado particular o dato - Response body: JSON value check\r",
							"pm.test(\"Se valida que el JSON incluya el genero en el campo gender\", function () {\r",
							"    var jsonData = pm.response.json();//almacena en una variable la respuesta del json\r",
							"    pm.expect(jsonData.gender).to.eql(\"Male\");//resultado esperado cambia VALUE por el dato requerido\r",
							"});"
						],
						"type": "text/javascript",
						"packages": {}
					}
				}
			],
			"request": {
				"method": "GET",
				"header": [],
				"url": {
					"raw": "{{URL_Rick}}/api/character/1",
					"host": [
						"{{URL_Rick}}"
					],
					"path": [
						"api",
						"character",
						"1"
					]
				}
			},
			"response": []
		},
		{
			"name": "API Caracter Morty",
			"event": [
				{
					"listen": "test",
					"script": {
						"exec": [
							"pm.test(\"El estado es 200 OK\", function () {\r",
							"    pm.response.to.have.status(200);\r",
							"});\r",
							"//Automatización de pruebas se valida que contenga el campo id - Response body: cotains string\r",
							"pm.test(\"Respuesta de la API contiene el campo ID\", function () {\r",
							"    pm.expect(pm.response.text()).to.include(\"id\");//En amarillo es el campo que valida\r",
							"});\r",
							"//Automatización de pruebas se valida que contenga el campo genero - Response body: cotains string\r",
							"pm.test(\"Respuesta de la API contiene el campo gender\", function () {\r",
							"    pm.expect(pm.response.text()).to.include(\"gender\");//En amarillo es el campo que valida\r",
							"});"
						],
						"type": "text/javascript",
						"packages": {}
					}
				}
			],
			"request": {
				"method": "GET",
				"header": [],
				"url": {
					"raw": "{{URL_Rick}}/api/character/2",
					"host": [
						"{{URL_Rick}}"
					],
					"path": [
						"api",
						"character",
						"2"
					]
				}
			},
			"response": []
		},
		{
			"name": "API Consulta producto x Categoria",
			"event": [
				{
					"listen": "prerequest",
					"script": {
						"exec": [
							""
						],
						"type": "text/javascript",
						"packages": {}
					}
				},
				{
					"listen": "test",
					"script": {
						"exec": [
							"//Fixed TypeError by accessing correct property\r",
							"pm.test(\"Validación de la respuesta JSON de un array o vector\", function () {\r",
							"    var jsonData = pm.response.json();\r",
							"    pm.expect(jsonData.products[0].id).to.eql(1234331);\r",
							"\r",
							"    console.log(jsonData.products[0].id)//Muestra por consola de la posición 2\r",
							"    console.log(jsonData.products[0])//Muestra por consola el objeto completo de la posición 2\r",
							"});"
						],
						"type": "text/javascript",
						"packages": {}
					}
				}
			],
			"request": {
				"method": "GET",
				"header": [],
				"url": {
					"raw": "{{URL}}/catalog/category/{{Categoria}}/products?limit=10&skip=0",
					"host": [
						"{{URL}}"
					],
					"path": [
						"catalog",
						"category",
						"{{Categoria}}",
						"products"
					],
					"query": [
						{
							"key": "limit",
							"value": "10"
						},
						{
							"key": "skip",
							"value": "0"
						}
					]
				}
			},
			"response": []
		}
	],
	"event": [
		{
			"listen": "prerequest",
			"script": {
				"type": "text/javascript",
				"packages": {},
				"exec": [
					""
				]
			}
		},
		{
			"listen": "test",
			"script": {
				"type": "text/javascript",
				"packages": {},
				"exec": [
					""
				]
			}
		}
	]
}