{
	"info": {
		"_postman_id": "4ab0b63c-9f08-45b5-860d-872350a35d8b",
		"name": "Auto arrays",
		"schema": "https://schema.getpostman.com/json/collection/v2.1.0/collection.json",
		"_exporter_id": "35376945"
	},
	"item": [
		{
			"name": "API Consulta producto x Categoria",
			"event": [
				{
					"listen": "test",
					"script": {
						"exec": [
							"//Validación de un arreglo - Response body: JSON value check\r",
							"pm.test(\"Validación de la respuesta JSON de un array o vector\", function () {\r",
							"    var jsonData = pm.response.json();//la variable jsonData contiene toda la respuesta-JSON\r",
							"    pm.expect(jsonData.products[2].id).to.eql(1234338);//Consultamos padre y luego hijo\r",
							"            //variable //products=padre\r",
							"                       //[2]=posición-indice\r",
							"                       //id=hijo\r",
							"    console.log(jsonData.products[2].id)//Muestra por consola de la posición 2\r",
							"    console.log(jsonData.products[2])//Muestra por consola el objeto completo de la posición 2          \r",
							"});"
						],
						"type": "text/javascript",
						"packages": {}
					}
				}
			],
			"request": {
				"method": "GET",
				"header": [],
				"url": {
					"raw": "{{URL}}/catalog/category/{{Categoria}}/products?limit=10&skip=0",
					"host": [
						"{{URL}}"
					],
					"path": [
						"catalog",
						"category",
						"{{Categoria}}",
						"products"
					],
					"query": [
						{
							"key": "limit",
							"value": "10"
						},
						{
							"key": "skip",
							"value": "0"
						}
					]
				}
			},
			"response": []
		}
	],
	"event": [
		{
			"listen": "prerequest",
			"script": {
				"type": "text/javascript",
				"packages": {},
				"exec": [
					""
				]
			}
		},
		{
			"listen": "test",
			"script": {
				"type": "text/javascript",
				"packages": {},
				"exec": [
					""
				]
			}
		}
	],
	"variable": [
		{
			"key": "URL",
			"value": "",
			"type": "string"
		},
		{
			"key": "Categoria",
			"value": "",
			"type": "string"
		}
	]
}