{
	"info": {
		"_postman_id": "0c2d2a40-d0b3-4fb7-8833-2171f2a41224",
		"name": "Variables dinámicas",
		"schema": "https://schema.getpostman.com/json/collection/v2.1.0/collection.json",
		"_exporter_id": "35376945"
	},
	"item": [
		{
			"name": "API Crea user",
			"event": [
				{
					"listen": "prerequest",
					"script": {
						"exec": [
							"//Se crea variable global con la variable dinámica\r",
							"//pm.variables.replaceIn('{{$randomFirstName}}')//se almacena en una variable global\r",
							"pm.globals.set(\"username\", pm.variables.replaceIn('{{$randomFirstName}}')); //Nombres aleatorios\r",
							"\r",
							"pm.globals.set(\"password\", pm.variables.replaceIn('{{$randomInt}}'));//PSW aleatorio\r",
							"\r",
							"pm.globals.set(\"phone\", pm.variables.replaceIn('{{$randomPhoneNumber}}'));//# tele aletario"
						],
						"type": "text/javascript",
						"packages": {}
					}
				},
				{
					"listen": "test",
					"script": {
						"exec": [
							"pm.test(\"Status code is 200\", function () {\r",
							"    pm.response.to.have.status(200);\r",
							"});"
						],
						"type": "text/javascript",
						"packages": {}
					}
				}
			],
			"request": {
				"method": "POST",
				"header": [],
				"body": {
					"mode": "raw",
					"raw": "{\r\n  \"id\": 3,\r\n  \"username\": \"{{username}}\",\r\n  \"firstName\": \"Pepe\",\r\n  \"lastName\": \"Locuas\",\r\n  \"email\": \"jrodicguez@gmail.com\",\r\n  \"password\": \"{{password}}\",\r\n  \"phone\": \"{{phone}}\",\r\n  \"userStatus\": 1\r\n}",
					"options": {
						"raw": {
							"language": "json"
						}
					}
				},
				"url": {
					"raw": "https://petstore.swagger.io/v2/user",
					"protocol": "https",
					"host": [
						"petstore",
						"swagger",
						"io"
					],
					"path": [
						"v2",
						"user"
					]
				}
			},
			"response": []
		},
		{
			"name": "API Consulta user",
			"event": [
				{
					"listen": "test",
					"script": {
						"exec": [
							"pm.test(\"Status code is 200\", function () {\r",
							"    pm.response.to.have.status(200);\r",
							"});"
						],
						"type": "text/javascript",
						"packages": {}
					}
				}
			],
			"request": {
				"method": "GET",
				"header": [],
				"url": {
					"raw": "https://petstore.swagger.io/v2/user/{{username}}",
					"protocol": "https",
					"host": [
						"petstore",
						"swagger",
						"io"
					],
					"path": [
						"v2",
						"user",
						"{{username}}"
					]
				}
			},
			"response": []
		},
		{
			"name": "API Elimina user",
			"event": [
				{
					"listen": "test",
					"script": {
						"exec": [
							"pm.test(\"Status code is 200\", function () {\r",
							"    pm.response.to.have.status(200);\r",
							"});"
						],
						"type": "text/javascript",
						"packages": {}
					}
				}
			],
			"request": {
				"method": "DELETE",
				"header": [],
				"url": {
					"raw": "https://petstore.swagger.io/v2/user/{{username}}",
					"protocol": "https",
					"host": [
						"petstore",
						"swagger",
						"io"
					],
					"path": [
						"v2",
						"user",
						"{{username}}"
					]
				}
			},
			"response": []
		}
	]
}